[
  {
    "host": "analytics.githubassets.com",
    "port": 443
  },
  {
    "host": "alive.github.com",
    "port": 443
  },
  {
    "host": "nexus.officeapps.live.com",
    "port": 443
  },
  {
    "host": "dev.azure.com",
    "port": 443
  },
  {
    "host": "raw.githubusercontent.com",
    "port": 443
  },
  {
    "host": "marketplace.visualstudio.com",
    "port": 443
  },
  {
    "host": "education.github.com",
    "port": 443
  },
  {
    "host": "github.githubassets.com",
    "port": 443
  },
  {
    "host": "collector.githubapp.com",
    "port": 443
  },
  {
    "host": "login.live.com",
    "port": 443
  },
  {
    "host": "vscode.cdn.azure.cn",
    "port": 443
  },
  {
    "host": "avatars.githubusercontent.com",
    "port": 443
  },
  {
    "host": "dc.services.visualstudio.com",
    "port": 443
  },
  {
    "host": "desktop.github.com",
    "port": 443
  },
  {
    "host": "login.microsoftonline.com",
    "port": 443
  },
  {
    "host": "github.com",
    "port": 443
  },
  {
    "host": "xpaywalletcdn.azureedge.net",
    "port": 443
  },
  {
    "host": "update.code.visualstudio.com",
    "port": 443
  },
  {
    "host": "api.github.com",
    "port": 443
  },
  {
    "host": "collector.github.com",
    "port": 443
  },
  {
    "host": "nexusrules.officeapps.live.com",
    "port": 443
  }
]